,text,label
0,@user @user is the UK's answer to @user and @user  #GamerGate #SemST,1
1,@user @user nah abi gonna get married to a rich white guy and gonna give me half of the money when they're divorced #SemST,0
2,RT @user Look for our latest indiegogo campaign coming out soon to help turn young girls into great leaders. #womensrights #SemST,2
3,@user what's so wrong with getting dick? How come when guys do it they're praised for it? YOU SEXIST #SemST,2
4,Sehri time seems to be turning into let's get my dad woke. #racepolitics #ableism #Ramadan #SemST,0
5,and when men can only empathize if they picture their daughter going through the same thing. #SemST,2
6,Woman: you see me as a sex object! Me: you see me as an atm. #SemST,1
7,"@user No one wants to see #Feminists naked, so the petty, vindictive bytches want to drag everyone else down to their level. #SemST",1
8,We are actually watching a video on radical feminism in history this is the funniest movie ive ever seen #SemST,1
9,"@user insulting, thinking you can make a switch like that. if it wasn't written for us, it wasn't for us #SemST",0
10,"#LikeAFeminist if you don't identify as a feminist, clearly you don't love yourself sweetie. #SemST",2
11,"@user @user why is men in front of women, you misogynistic pig #SemST",2
12,How to spot a fashion-#Feminist - they claim feminism is about equality. Feminist actions demonstrate otherwise. #SemST,1
13,"With or without this farmer's tan, I bang bare bitches #MisogynistColloquialisms #DontSayBitch #SemST",0
14,.@cooImemegirl Damn that wage gap! Sneaky men work longer hours in dangerous jobs and get paid for it! #SemST,1
15,#HowToSpotAFeminist?-> 3 Feminists believe in rape culture instead of their erotomania + delusions of persecution.   #SemST,1
16,Women should come with a money-back guarantee. If this doesn't work out because you're a dumb bitch I should get my money back. #SemST,1
17,"As a child, had to 'recycle' own socks from festering laundry heap, as feminist mother says ""I'm not your slave! #SemST",1
18,I wonder when my feminism top is gonna arrive.. I need a bit of happiness with the stress of studying #collegelife #SemST,2
19,"Friendly reminder that the ""Gender Pay Gap"" is a myth. #SemST",1
20,Staying well informed on sexual violence in the news is important yet often leaves me ranting at screen. #rapeculture #SemST,2
21,Why don't you love me Twitter #SemST,0
22,".@cooImemegirl Feminists believe mothers should have a say over the father's body, his job, and his money. #SemST",1
23,"Feminists saying they are ""atheists/skeptics"" is quite a contradiction as they worship their own vulva.   #GamerGate #SemST",1
24,I'm blocked by 4 of the most frequent posters on #YesAllWomen. 2 of which I've never even debated with. Can't handle facts  #SemST,1
25,"@user @user Well you are right, its pointless for you to try. Youre still an example of why there are #SemST",0
26,"It is not up to you to contemplate getting fired, feminists WILL get you fired @user @user  #GamerGate  #SemST",1
27,"You are not penetrating our vaginas, we,  WE ARE ENGULFING YOUR PENISES!  #insideamyschumer #SemST",2
28,The statistics show that male victims of rape are more likely to be straight than gay. #SemST,0
29,Women in Hollywood are still getting paid less. It is 2015. #SemST,2
30,texting my bf telling him to shave today so i find him optimally bangable next time i see him #SemST,1
31,"IF FEMINISTS WERE HONEST  ""Be careful, if you use logic in this conversation I will somehow drag it into rape""  #SemST",1
32,Feminism is nothing more than a cult that closes ranks whenever someone dares question them. #SemST,1
33,"'Half victims, half accomplices, like everyone else' Simone De Beavoir #SemST",0
34,I won't complain about equal rep of girls in gaming. Princess Peach & Zelda are kick-ass women. Samus is a beast. Hello! #gaming #SemST,2
35,"Towie catchup, totally agree with ferne #TOWIE #SemST",0
36,"Im sorry if you going to be with me and call me ""you women"" like im a cadigory ill probably but boot out the door #SemST",2
37,It's not about making women stronger. Women are already strong. It's about changing the way the world perceives that strength ! #SemST,2
38,FINALLY A WOMEN RUNNING FOR PRESIDENT #SemST,2
39,"I'm honestly surprised that feminist extremists like @user aren't screaming ""sexist!!"" at gay men. #SemST",1
40,Just been putting the finishing touches to a feminist-themed cryptic crossword... Standard. #crosswords #SemST,2
41,Abusive Misogynist  @user whining that feminists are blocking him. Let's make his day and all bock him. #YesAllWomen #SemST,2
42,Seriously can't believe they gave the women heat breaks and not the men #Wimbledon #SemST,1
43,Charlotte Church interviewing Pussy Riot at #Glasto2015 #fuckyeahglasto #SemST,0
44,I can't believe some of the reasons people say they need feminism. I need my dog for half of the same reasons.  #antifeminist #SemST,1
45,I love that girl @user on @user What the hell @user Way to diminish women's soccer #USWNT #SemST,2
46,@user @user the fact you asked someone you blocked If they were now happy.....#SpankAFeminist #SemST,1
47,At the WGSS Discussion Forum at #alaac15. Love these librarians! #fuckyeahlibrarians #SemST,0
48,Because young girls are told not to be raped instead of telling boys not to rape #SemST,2
49,RT @user I support whatever team buck supports #truefan #socceroos #bodypositive #SemST,0
50,.@brigadam @user The child could be seized for adoption to prolife couples or raised by mom alone - no $$. #SemST,0
51,"@user Do realise that you've painted all ""men"" with the same brush. So ""wilfully ignorant"" could be used to describe you #fail #SemST",1
52,"If we have equality women wouldn't be expected to submit to the ""traditions"" of marriage. #genderequality #SemST",2
53,"Their other complaints are just fake shit they made up, this on the other hand is amazingly controlling and entitled 2/ #SemST",1
54,RT @user Nothing like dudes joking about molesting me right to my face... #SemST,2
55,They don't call it MALE-volent for no reason #SemST,2
56,They want equality but what they're doing is overpowering men. #feminazi #SemST,1
57,so i guess the new definition of ugly is believing in equal rights... LET ME BE UGLY THEN #SemST,2
58,I just yelled at my boyfriend for trying to let me win for Mortal Kombat X. #SemST,2
59,Feminists spread misandry. Always try two  create gender conflicts.   #FeminismIsCruelty #dontmancriminate #SemST,1
60,im a strong independent black woman who don't need no daddy #lol #girlpower #SemST,2
61,@user yeah! I don't need feminism as I like it when my boyfriend chips in on food shops.Also I am too pretty.obvs #SemST,1
62,".@brigadam @user You just made the best case against feminist ""equality"" ever! Fuck feminism! #SemST",1
63,"@user @user @user ""running your dick sucker"" yes because THAT is the purpose of your mouth lol #SemST",1
64,"I guess crying over a NHL player is better/safer than getting violent over one, right? #Saad #Blackhawks #SemST",1
65,Lol what's so ugly about wanting to be equal? #SemST,2
66,"So, I'm following @user lead & embracing the term #badfeminist. I'm too far from perfect and still learning. #SemST",2
67,.@diistantecho Your wee sister believes in both Santa Claus and feminism. Think harder about what that means. #SemST,1
68,were even is the clifford on a Virginia? #stophidingit #SemST,0
69,The problem with liberals' tolerance is that it is only extended to those who agree with them #tcot #SemST,0
70,Just give me the attention you never gave anyone else. #ExtremeRules #NepalEarthquake #FreddieGray #RHOAReunion #SemST,0
71,Do you know the difference between Activism and Advocacy? #SDG #youthdevelopment #SemST,1
72,"Old, insecure females forcing hatred of men on a younger generation of women #SemST",1
73,Cat Pt. 2: Today I found my cat is a feminist. #cat #feminist #kindofanokstory #life #SemST,1
74,"@user @user hes lyin to u maam, u can see thru this transparent asshat. just call him a moron u no u wanna do it #SemST",1
75,"Because heckling #YesAllWomen & screaming ""LOOK AT ME!"" all day is an excellent way to show us you are a serious individual  #SemST",1
76,@user You need feminism more than you need anything else in your life. You couldn't survive or speak w/o it. #SemST,2
77,Want revenge for being a slut?  Cry rape.  Then lie to the world and carry a mattress with you.  #rape #UglyFeminist #SemST,1
78,I don't understand how the concept of a male being a feminist doesn't get in some peoples heads. Equality? Anyone? #feminist #SemST,2
79,"If I had a dollar for every #Feminist I've wanted to kick in the shin, I could retire and shitpost on twitter all day. #SemST",1
80,The queen won the royalty race not the king or prince #SemST,2
81,"I like how rape is one of the most under reported crimes, but the unreported incidents are usually females raping males. But hey. #SemST",1
82,feminist: *says something about women to be treated as equal human beings*  some asshole: you're ugly  wow nice okay lmao  #SemST,1
83,"@user she lied you idiot, it's a fact & the reason that you won't acknowledge those facts is also the reason why #SemST",0
84,It's not just #Matildas that get paid less than their male counterparts... It's all women's sports- and in fact all women #SemST,2
85,.@MyRainbowNinja @user This farm is fucking disgusting. #SemST,0
86,"@user This lady on yt is right, Radical feminist have the loudest voices while normal,logical feminist are being outspoken. #SemST",2
87,Why is it bad for the Garrick Club to be men only but not bad for my gym to have a women only room? #Hypocrites #SemST,1
88,you know what's ugly? can't going out with a short skirt without being judged #SemST,2
89,"IF FEMINISTS WERE HONEST ""Be careful, don't say 3rd world women suffer more or I will say you are a rapist"" #GamerGate #SemST",1
90,A vote by a woman is a wasted vote @user @user #SemST,1
91,when you get sexually harassed twice  #SemST,2
92,"MRAs just tried to ""enlighten"" me, which went about as well as the flight of the Hindenburg. #SemST",2
93,"Starting to compile evidence for blog post, how modern feminism shares the same traits as the Nazi propaganda #antifeminism #SemST",1
94,@user @user @user feminists want special right not equal right. Don't b a feminist #feministcruelty #SemST,1
95,"I take some solace in knowing that, at least, it means they don't know who that useless hack is... @user  #SemST",0
96,Never settle for anything less than your are worth. #SemST,1
97,"Being raised by a feminist in rotting, soiled clothes - ""I'm not your slave! #SemST",1
98,Girls don't wanna go to the strip with their bfs but beg him to go see Magic Mike XXL with them. #SemST,1
99,"Men don't have a right to talk over you, you're voice is important, you are a goddess and don't deserve to be silenced #SemST",2
100,"Feminism on twitter is the black hole of human intelligence, just like creationism.  #GamerGate #SemST",1
101,So if I find a woman attractive I'm an objectifying pig. If I don't find her attractive I'm a shallow pig. #SemST,1
102,Radios r filled with feminist and rape propaganda. Feminism is alive n well in Malaysia. Their rape guilt tactics won't silence me #SemST,1
103,@user exactly women are so weak and incapable the sight of one in a slim skin is giving them an attack of the vapours #SemST,1
104,Feminism is a fashionable form of narcissism because personal trauma & personal retribution is what drives feminists. #SemST,1
105,Women's rights are #humanrights! Join the #CPDvoices twitter rally at 3pm ET if you agree! #CPD48 #SemST,2
106,"Men can no longer look at women's boobs, tattoos, or even look them in the eyes.  Soon: mandatory castration for all males. #SemST",1
107,Feminists don't even understand what feminism is. #SemST,1
108,@user women don't need to shave. #SemST,2
109,feminist response people wearing meninist clothes-  mock them or call them derogatory names? NOT A HATE GROUP ??? #SemST,1
110,"Hey first-world country white women bitching about gender inequality, you're going to be fine #killallmen #SemST",1
111,"Me (in jest): It's a man's world, y'know. Kaitlyn: I'll blow up the world then.  #SemST",2
112,@user why r u on twitter get back in the kitchen #feminist #feminazi #powertowomen #Equality #SemST,1
113,"Full of #narcissism and self-loathing, a lot of women out there like that. Its got sod all to do with #WrightStuff #WolfWhistling #SemST",1
114,"@user Feminists, go to the gym, lose some weight and stop to blame society for everything #SemST",1
115,"Meritocracy is only oppressive against the incompetent - if you believe it's sexist, YOU are the sexist one #therealkind #SemST",1
116,All I need in this life of sin is me and my girlfriend #SemST,0
117,"You want to hear something really ugly, 1 in 5 women will be sexually assaulted in their time in college #MisogynyIsUgly #SemST",2
118,It is not a woman's place to be made to feel uncomfortable walking down the street. #PoppySmart #SemST,2
119,Why is Paul Elam not one of the most hated men alive right now!? #feminist #SemST,2
120,@user @user @user @user @user @user  FEEL decides who get support.  #SemST,0
121,"Spanish Civil War publishing cookbooks & author gender points to women's lack of access to education, ind wealth #osfc15 #SemST",1
122,"@user feminism does not equal woman's rights. Feminism is about vaulting one gender over another, NOT equality. #SemST",1
123,"All the people who support abortion, to bad their parents didn't practice that ""right""  #YesAllWomen #UniteBlue #SemST",1
124,I'm all for feminism but I can't stand the female entitlement and sense of over worth the popular culture presents.   #Meninist #SemST,1
125,"If masculinity is toxic, then I must be a nuclear waste facility. #gamergate #dumbfeminist #SemST",1
126,@user 'look we can discuss sexism in survival situations when I get back' #jurassicworld #SemST,0
127,Recenter your world. Be the captain of your ship. The author of your life story. #SemST,0
128,"@user Slut is a word made to degrade women, we shouldn't degrade anyone - it's their body's they can do what they like #SemST",2
129,DEAR FEMINISTS  Why don't you expel the man-haters poisoning your feminism?  Why  you admire them?   #GamerGate #NotY... #SemST,1
130,@user Tell @user to stop speaking about women is such a belittling manner. You should NEVER lie to women. #Equality #asshole #SemST,2
131,@user @user @user @user @user I have to stop tweeting now cause @user wants his tea making. #SemST,0
132,Upload sexually provocative pics up for all to see. But if someone you aren't attracted to looks it's harassment? Right #SemST,1
133,"@user @user Then there's the added level of irony: Their chosen figureheads: Not really ""body positive"" amirite? #SemST",1
134,DEAR FEMINIST SUPPORTERS People like you with your endless concessions to feminists just prevent their accountability. #SemST,1
135,"A ""Strong Feminist"" on Twitter is measured by how much she can type without thinking first. (then delete) #GamerGate #SemST",1
136,"@user nope, no more adultery now than 100 years ago or 600 years ago. Sorry facts don't fit your narrative. #prochoice #SemST",0
137,"Men that want ""credit"" from women for being feminists are not feminists at all.  They're just men wanting more privileges #vaw #p2 #SemST",2
138,"All men accused of rape should be immediately castrated, no questions asked. #RapeCulture #HeForShe #SemST",2
139,All I'm doing is reading GG tweets and getting angrier. Fuuuuuuuuuuuck men are privileged.  Time for bed. #FeminismIsAwfullyGreat #SemST,2
140,"Grr! That subject is not allowed to be joked about! - Typical Feminist, regarding every topic of humor #SpankAFeminist #SemST",1
141,Why do girls/women spend so much time to be pretty and attractive and then complain if they're reduced to a sex symbol? #SemST,1
142,@user @user why not she's clearly a part of the squad females can't be with guys without being looked at as a hoe #SemST,2
143,Men are dirty & evil yet feminism is happy to take their money via the state in a form of collective prostitution. #SemST,1
144,@user @user Innocent men should NOT be convicted of domestic violence! #SayNoToFeminism #SemST,1
145,@user nah bitch I'm a fucking savage obviously . You just gonna suck dick and make sandwiches for some man who beats you daily #SemST,1
146,"@user Young man, stop wearing your sister's clothes and makeup. You look ridiculous. #SpankAFeminist #SemST",1
147,"son, you can't slut shame a female for having nudes and jerk off to the same nudes at night. you ain't right. #smh #SemST",2
148,I get a lot of shit for saying boobs are sexual. I'm sorry you call me ignorant all you want but its true #freethenippple #boobs #SemST,1
149,The meaning of peace is the absence of opposition to socialism. #GamerGate #SemST,0
150,@user my hat is seriously off to all those who made Beijing such a breakthrough. We don't say thank you enough! #womensrights #SemST,2
151,RT @user @user @user @user @user this is a typical example of #misandry and #Scrap498a #498a #fakecases... #SemST,0
152,When is it ok for a married 49-year-old CEO to use his power and influence to shag his 22-year-old intern? #AskHillary #SemST,2
153,Hate when girls turn into bitches because a guy tells them they look good without make up... THATS A COMPLIMENT ?!!??!???? #SemST,1
154,I need feminism because broken idealogies need defending just as much as functioning ones. #cryingalready #DeathNote #SemST,2
155,"RULES TO LIVE BY  Seek logic in things, even if it looks like a waste of time, including feminism.   #GamerGate #SemST",1
156,MyVagina kicked the Shit out of HisCock / #SemST,1
157,"The most upsetting of all of these however, was when I was greeted with shock and disgust for the fact I have ambition and #SemST",2
158,"hooks says that we continue,even though it's hard and causes pain, because of those people we look to #whatawoman #bellhooks #love #SemST",2
159,I am obsessed with becoming a woman comfortable in her skin.  Sandra Cisneros #latinx #woc #SemST,2
160,Ashamed of my fellow man. Making pigs of ourselves at every given opportunity.  #feminist #ashamed #SemST,1
161,"Women don't make 75% less than men for the same job. Women, on average, make less then men. Look it up feminazis. #EqualPayDay #SemST",1
162,feminists be like: don' judge a book by its cover! unless the cover is a straight white male. #SemST,1
163,@user ARE YOU SAYING ALL GIRLS ARE SENSITIVE BECAUSE OF GENDER ROLES? YOU SEXIST SWINE #SemST,2
164,@user why does someone not create a female festival celebrating women?! Surely it's a no brainer! #art #music #history #SemST,2
165,The majority of anti-abortion leaders are men and none of them will ever be pregnant.  #genderequity #SemST,1
166,Women in STEM is imaginary motivation with low conversion numbers. A waste of money on natural quitters.  #GamerGate  #SemST,1
167,#FSURHET protip. MAYBE familiarize yourself with recent trending topics....#Meninist #BlackLivesMatter #BaltimoreRiots #SemST,0
168,Pussy Riot: A Punk Prayer  I highly suggest you watch it. Such an amazing documentary. #SemST,2
169,Gotta love the respect feminists give to those that don't wanna be a feminist (note the sarcasm) #IDontNeedFeminism #SemST,1
170,if your feminism is sex worker exclusive or trans exclusive I want no part in it. #intersectionality #SemST,1
171,"@user am not stopping your FOE on ur own TL,if u notice;was encouraging u to post topics I'm interested in on my TL #VAW #SemST",0
172,@user @user @user i don't ever need a man #YesAllWomen #SemST,2
173,.@cooImemegirl @user So what? It is a man's choice whether he wants to breast feed his children. #SemST,0
174,Now Harry is arguing with Dead Girl's father about whose job it is to kill the RapeMurdering villain. #Horns #SemST,0
175,i wish people would understand that true feminists want equality for everyone (even men) not just girls . #SemST,2
176,"Hey fellow Feminists, we need to fight back against this ridiculous war-glorifying that celebrates #men.  #Triggered #Transpatriot #SemST",1
177,@user Don't worry about all these feminists. Any press is good press. I will be ordering products. soon. #SemST,1
178,@user Most feminists don't know what they are fighting for?! Most ego maniac's who want they're 15 minutes of fame. #c4news #SemST,1
179,"Stupid Feminists, the civilization you take for granted was built with the labour, blood sweat and tears of men. #SemST",1
180,hey @user stop teiggering me with ur man gap on the bus i will fight the patriarchy until ur in jail. ty #Equality2015 #SemST,2
181,Kwink884 thewtfmagazine gamers are fatophobes. ever notice there are no morbidly obese characters in video games? #GamerGate #Not... #SemST,0
182,@user literally you are so on point about the male gaze and BS about fake nerd girls #SemST,1
183,I'm not sure my schadenfreudes can stand this much tickling. @user @user  #SemST,0
184,"Meredith giving Don crap was great,but HOLY CRAP PEGGY. No spoilers, but DAMN was it a great scene. #Peggy #MadMen #SemST",0
185,@user eat a pus or somethin lozer #SemST,0
186,#Feminists: calling other people bad names won't turn them into feminists.You're shooting yourselves in the foot. #sexism #antiSJW #SemST,1
187,The moment you know you've won as a wife.  You put out and he gets up to make his own sandwich. #winning #yvrmoms #funny #joke #SemST,2
188,"Wanna hear the two funniest words in the English language right now?  Feminist fellowship.   Geddit? Fell, ow, ship?   #SemST",1
189,"*sigh* One small step back for women, one giant leap forward for lonely perverts. #ChrissyTeigen #SemST",1
190,"There is one more basic cause [of the abuse of women], and that is that, in general, men don't give a damn. (Jimmy Carter) #SemST",1
191,".@johnny_nimble @user @user ""Equality"": a term used by feminists to poorly hide supremacist agendas. #SemST",1
192,Shut up and go back to the kitchen bitch #SemST,1
193,WTF LITEraL FUCK AM I EVAN SSEING THIS THING ABOUT. #SemST,0
194,Pope Francis: Christians should support equal pay for equal work #popefrancis #worldnews #society #women #SemST,2
195,#WeNeedFeminism because #YesAllWomen simply do not get the same level of respect that I get as a man. #HeForShe #SemST,2
196,I do not wish for #Women to have power over #Men but over themselves. #Milan #KnockKnock #PAK_Army #PTIFamily #SemST,2
197,So you support unequal pricing based on gender @user  Don't you normally call that sexism?  #EqualPayDay #SemST,2
198,"Petition for journalists to stop using ""man up"" when they mean ""demonstrate resilience and mental toughness #SemST",2
199,Elizabeth Cady Stanton did not die so you could get upset about fuckbois that don't text back #SemST,2
200,@user does a vegan diet make you immortal? either way we're all gonna die #SemST,0
201,This #MaritalRape law if misused dont give any scope to men to prove their innocence.Even honest men can be trapped & slaughtered. #SemST,1
202,"The only reason, I stopped at each entrance in #walkingstreet is to have a #LawOfAttraction #viewpoint #dailydevotional #SemST",0
203,Anita #Sarkeesian - living the damsel in distress trope. #SemST,1
204,"@user Wow. A threat of violence from a feminist, when I've been nothing but polite. I might report this . . . #SemST",1
205,#SignsYoureInTheUSA You are attacked by feminists who labels you the patriarchy for cooking sunny side up eggs  #SemST,1
206,I am really proud to be a @user and I want to thank @user for being such a powerful feminist #HeForShe #SemST,2
207,i have autocorrect switched off smh i dnt need u im independent #SemST,0
208,I have noticed that you never see any really beautiful feminists. I wonder why? #SemST,1
209,"We teach the young rubbernormative messages about how they ""should"" use condoms, as if rawdogging is somehow wrong #teamnocondom #SemST",0
210,Really interesting debate about whether men can also be feminists #BSCConf15 #criminology #SemST,1
211,"Every time I was told I was bossy rather than assertive I took it as a compliment, #SemST",2
212,"RT gamergatenews: RT CaptHaddock83: Ha Ha hilarious! #Feminists desending on #SpankAFeminist like mad harpies, #SJWs #game... #SemST",1
213,"For all y'all who only pay attention to men's sports, something fairly important is happening now with USA women's soccer #SemST",1
214,Rethink your beach clothes. Bc it may oppress some people!! #thisoppresseswomen #SemST,1
215,Ok armchair feminists got their panties wet. If you're a social justice warrior go out and do something. Get off tumblr.  #SemST,1
216,I don't buy a dress that I can't completely zip up and fasten on my own. #SemST,0
217,"@user Actually, the tag was made by feminists so they can narcissistically post selfies to prove they're not ugly. #SemST",1
218,"@user Thank you, #progressive-minded pursuers of familial and societal Dystopia. #Democrats #Liberals #SemST",0
219,"RT @user Do you know what women should stop wearing after age 30? Nothing. Women can wear whatever they want, no matter how old. #SemST",2
220,Thanks to the work of people like @user they are not only helping women but helping the whole of society #SemST,2
221,"#SharkRocket ""Real People, Real Results"" commercial only includes women - So, men don't vacuum? #NotBuyingIt #SemST",1
222,"@user What a load of crap. Dressing appropriately for the office is ""sexist""? Grow up. #YesAllWomen #SemST",2
223,This feminist supports gender equality because some people believe a woman's value lies in her physical beauty. #SemST,2
224,"my coworker called me gay because i didn't stare at these girls who came in, SORRY but i respect women and this is why i need #SemST",2
225,It's funny how the #government wants to fix the #gay problems but what about the straight people problems #SemST,0
226,Multiple abortions means Feminists are not using the contraceptives THEY THEMSELVES demanded.  #GamerGate #SemST,1
227,WOW.  Why is gay marriage legal but LESBIAN marriage isn't?!  WHAT THE FUCK @user FIX THIS NOW #SemST,0
228,@user @user  Very nice work. I'm happy to hear your autistic friend is able to express himself this way #SemST,0
229,"#SingleBecause I refuse to be man's 'other' and bcs I want to be my full self, bcs I want a feminist man, who's a man's man. #SemST",2
230,Tumblr made me slightly transphobic and misogynistic. #Tumblr #SemST,0
231,"@user @user @user @user Mind your own business, cunt.     Did the batteries in your BOB die? #SemST",1
232,To men who make contact with women thinking they are owed a response #patriarchy #SemST,2
233,"RT @user ""We have a lot of healing to do""- Rosie Rocha-Martinez #confuerzacollective #chicanaherstory #kpfk #SemST",1
234,"there's someone once told me - girls have to be quiet -, i've told him: really? . and i never been quiet since then. #SemST",1
235,stop with the male animators we want female animators  #SemST,2
236,@user Car women will as well. #SemST,1
237,Selective listening a #character trait of convenience #feminists #SemST,1
238,"I only ever see ""meritocracy is a myth"" being pushed by people with no skills trying to buddy-buddy their way to the top. Hmm. #SemST",0
239,I believe that every women should have their own rights!! #SemST,2
240,@user and the sad part is they dont they hate people with their own thought experiences and worse of all voice #SemST,1
241,"#LikeAFeminist I think any woman who doesn't identify as a feminist has ""internalised misogyny #SemST",2
242,"People say I'm a bit young to be into politics. But honestly, I just stand for what I believe in. #MarriageEquaility #coexist #SemST",0
243,"I am not free while any woman is unfree, even when her shackles are very different from my own Audre Lorde #feminist #SemST",2
244,I think if Australia had a female PM n female majority MPs #MarriageEquaility would be legal here now #auspol #SemST,2
245,"A quote from mother about being a woman: ""We really got it shit didn't we?"" Aye. Bring on fourth wave feminism! #4thwavefeminism #SemST",1
246,Thought that goes through my mind on a regular basis: would you have said that to me if I was a man? #SemST,2
247,"don't let anyone else's perception of you define you or your beliefs, and don't feel you have to justify your own worth #SemST",2
248,@user YES girl you can put almost anything in that joint #Islam #SemST,0
249,@user good thing youre not pretty as fuck and im not tryna to slay!! #SemST,1
250,Congratulations to America for overcoming 1 battle for #equality. Now let's have women&all races treated equally #AllLivesMatter #SemST,2
251,Lehi high school is my favorite school due to @user ps yo gleaves hit me up  #MondayMotivation #WhatAreYouAfraidOf #SemST,0
252,"Well maybe if more men learned to take ""no"" as an answer, women wouldn't have to say as much #fnm231 #SemST",2
253,I'm glad I was able to raise my kids n a time when my educated mothering decisions for my family were not vilified. #nonvaxxerhere #SemST,1
254,"For Us, By Us: These Apps Are What Happens When Girls #HackForGirlsRights via @user #girlsintechht.../buff.ly/1HHhM18 #SemST",2
255,"It is not enough to help someone, or a group,  you have to do it in the name of . #identitypolitics  #SpankAFeminist #SemST",1
256,Kristen Stewart: 'Hollywood is disgustingly sexist' #kristenstewart #cloudsofsilsmaria #culture #women #SemST,2
257,@user oh the irony of a radfem accusing others of low self-esteem. #GamerGate #SemST,1
258,"@user To paraphrase Friedan, the more a drive is deprived of data, the more its data will expand to fill the space. #1960s #SemST",0
259,Storey's Song of the Day: To love somebody (BeeGees); topic of the day: Feminism in cultural theory. I love this class. #BeeGees #SemST,1
260,@user @user @user Disgusted to see you were selling DVDs of 'Fifty Shades of Grey in your Chillingham Road branch #SemST,0
261,.@cooImemegirl @user Women don't understand men's plight and so shouldn't force men into fatherhood w/o consent. #SemST,1
262,"M: FEMINISTS NEED TO GROWA SENSE OF HUMOR W: Okay. (sips from ""Male Tears"" mug) M: AAIGH!  MISANDREEEEEEEEEEE  #YesAllWomen #SemST",1
263,"@user The Mito Eve model does not explicit prove 1 ancestor, it narrows down similarities to a matter of a degree... #SemST",0
264,@user  @user @user guy from 'beach body ready' advert being interviewed.Conclusion=arrogant male chauvinist idiot #SemST,2
265,@user @user @user It should be considered a hate crime if someone makes a threat against a woman. #SemST,2
266,Umrao Jaan Ada- a story of not just a life or prostitute but of poise and poesy.  #WOMANPOWER #SemST,2
267,@user @user @user It's an attempt at a @user parody. #ProteinWorld #BaltimoreRiots #socialism #SemST,0
268,"@user Pretty sure most of us are A-okay without having her on our team. And it's aaaalll about #choice, anyway. #feminists #SemST",1
269,.@Awyee707 I respect your truck-suck. Why do you not respect girls' innate or chosen doll-love? #SemST,2
270,@user is the UK's answer to @user and @user #GamerGate #SemST,1
271,Feminism is Radical Islam painted in pink.   #GamerGate #SemST,1
272,"@user though I'm not a girl so maybe I'm not  qualified to comment on women's issues, according to #SemST",1
273,if women didn't have double standards then they would have no standards. #MagicMikeXXL #YesAllWomen #SemST,1
274,"RT mojibakemono: I'm going to take a nap, I'll follow everyone back when I wake up #OpSKYNET #GamerGate #NotYourShield #SemST",1
275,Your physical appearance doesn't define your worth.People should be heard whether theyre conventionally attractive or not. #SemST,2
276,I think it's okay for a woman to take a mans name if she wants to. #genderequality #SemST,2
277,Misogynist abuser @user whining that feminists are blocking him. Let's make his day and all bock him. #YesAllWomen #SemST,2
278,The basic principle of the universe is INFORMATION. Literally everything is information in one form or another. #antifeminism #SemST,1
279,I will say it again: only a low self esteem person will be oppressed by bikini/models ads. Get help #SemST,1
280,@user they make me smile :) #SemST,1
281,#YesAllWomen should know how to protect herself. Which is why I carry a gun. #republicanvalues #SemST,2
282,.@TheActualSarah The UK is considering abolishing prisons for women completely because crime is a man's fault. #SemST,1
283,".@nycinterlude Don't worry, honey. Intelligence is a roadblock to full, unquestioning faith in feminism. Bleated be! #SemST",1
284,"History is ""his story;"" we need ""her story"" too! #SemST",2
285,Anti feminism - because being a good person isn't for everybody. #SemST,1
286,Some feminist's would shut down the entire global porn industry & put millions on benefits/welfare & not even care #SemST,1
287,"The representation goal of Feminism has gone from  ""Invent more female characters""  to  ""Replace all male characters #SemST",1
288,"@user @user how about ""Maura & Tucker in the morning"" #equality #seniority #SemST",2
289,Ruth_Blane: _AnAvgJoe_: RT Ruth_Blane: Ruth_Blane: Ruth_Blane: Ruth_Blane: ReverseDowry: RT manojmane: Take this !! #Feminazi #sc... #SemST,1
290,"DEAR FEMINISTS IN GAMING  Respect is earned with hard work, not playing the victim.  #GamerGate #SemST",1
291,Beauty is in the eye of the goat. #AddGoatRuinAQuote #beauty #BodyImage #SemST,1
292,@user listen well I'm ready to tell about a need that I cannot deny #hsmsong  #SemST,0
293,People who call themselves beautiful are really the ugliest. #deep #edgy #Philosophy #BaltimoreRiots #Baltimore #SemST,0
294,"Wives who dislike cooking mk husbands diet, saying they'll stay fit Actually they want to avoid cooking ;) MCP #WomensProgress2015 #SemST",2
295,"@user Dear god, you are fat. #SemST",0
296,"People think because I'm a feminist I hate men. No I'm a feminist, I believe in equality for all. #EqualityForAll #SemST",2
297,Great to see singer turned activist @user on the stage to interview @user #Glastonbury #glasto #charlottechurch #SemST,2
298,"I've removed the term #feminist from by bio because racist, transphobic, white feminists have fucked it up for everyone. #SemST",1
299,I shouldn't have to be holding a man's hand to be left alone on the street.  #catcalling #streetharassment #equality #SemST,2
300,Women are not going to be equal outside the home until men are equal in it-- Gloria Steinem  #women #men #SemST,2
301,Whether you label yourself a feminist or not I think it's important that we address equal rights.-Taylor Swift. #SemST,2
302,@user let's be pretty and put our tits on full display and then get pissed when people look. #logic #wtf #SemST,1
303,Last week a man made a U turn and drove the wrong way on a one way street to tell me about my body.  #catcalling #streetharassment #SemST,2
304,Can't find it in me to be friends with people who throw around the word 'slut' or judge women for being sexual beings. #Equality #SemST,1
305,"What a great accomplishment #marriageequality , too bad it still sucks to be black or a woman in America. #racism #truthbomb #SemST",2
306,Shhhh! @user can't you see @user is bragging? Even feminists have the right to be bitches... #GamerGate #SemST,2
307,@user @user You compared playing with dolls to a violent disposition. Two very different things. #GamerGate #SemST,0
308,@user Family Court is not a court. It is INQUISITION. #FEMINAZIS #SemST,1
309,Today we watch the United States Supreme Court. #SemST,0
310,".@Rod_McCallum You're 55yrs out-of-date. I thought you could be more interesting, but you're just old news, bored now. Bye #SemST",0
311,RT @user 'BAD BITCH' is not a compliment #SemST,2
312,@user you should be nice to me anyways #NicerInternet #SemST,0
313,"One time I said girls don't like being called sluts to a guy and he said ""you can't speak for everyone #SemST",2
314,@user  Misogynist Patriarchy rapist neckbeard Harasser evil mansplain manspread woman hater born a rapist Etc Etc Etc #SemST,2
315,I nailed another black feminist. I banged her so hard that she shit. My wife ended up cleaning up the shit too. #BaltimoreRiots #SemST,1
316,"@user ya but you said it ""sexily"" #yoga #sjw #vegan #SemST",1
317,Watching #missrepresentation .. We must change our world. #womenrule #change #beauty #SemST,2
318,I wonder what would happen if riots started breaking out across the globe because of how poorly women are treated by some men. #SemST,2
319,This just in: Pop culture still hates women. #SemST,2
320,I NEED FEMINISM BECAUSE- A man in a room full of women is ecstatic. A woman in a room full of men is terrified. #SemST,2
321,It's frustrating & awful that the only voices getting access to a wider audience are the voices of hate. #ConfederateFlag #race #SemST,0
322,usa is only good at futbol if women are playing #SemST,1
323,"After a gr8 day for US equality, I think of the girls who pose with @user setting female equality back 40yr #gaymarriage #SemST",2
324,"@user Have you ever thought that maybe ""blue jeans"" hates you? Not everyone in the world is made for each other. #SemST",0
325,"@user @user categorizing homelessness as a ""job"". #SemST",0
326,#WhoIsBurningBlackChurches is the latest racist hate mob tag. No surprise it's all #BlackLivesMatter people. #SJWLogic #SemST,0
327,No. Feminists are not ugly. The fact that there isn't equal rights for both men and women is. #FeministsAreBeautiful #SemST,2
328,to all the girls who ' always wear their invisible crown '  I 'always carry a gun '  #Lionesses #SemST,1
329,"If you want to empower women, you need to disempower the warlords! Zahara Langhi from Libya #WILPF100 #wsw2015 #ikff #peace #war #SemST",2
330,#Weneedfeminism because Twitter has its very own misogynist harassment machine. #YesAllWomen #HeForShe #Feminist #SemST,1
331,There is nothing more inspiring that the drums at the beginning of #RunTheWorldGirls by @user It feels like the rise of #SemST,1
332,pls don't h8 me my last tweet was OBVIOUSLY a joke #luv #rightsforall #SemST,0
333,"Time to go hashtag crazy, then... #Folklore #UKTourism #Britain #Storytelling #Myth #Legend #Equality #Multicultural #Folk #SemST",0
334,Saying #AllLivesMatter instead of #BlackLivesMatter is like saying equal rights for all instead of #SemST,0
335,"And people wonder why #feminists aren't taken seriously...  At least give me 1 every time I hear this, I'd be rich!  #SemST",1
336,now let's raise the pay for females and make it equal to what men get payed #EAQUALITY #SemST,2
337,Don't you just love how feminists are more focused on bondage books being romanticized than they are genital mutilation #SemST,1
338,@user the trigger levels are over 9000 #SemST,0
339,"If you're a feminist AND you hate men, please kill yourself. #SemST",1
340,The best way to spot religions is to see how often they get offended by ideas & crticism. Feminism ranks very high. #SemST,1
341,"IF FEMINISTS WERE HONEST  ""I don't want to learn skills, I want others to work under my name.""  #GamerGate #SemST",1
342,#sex male caste general religion Hindu. None of these were in my hand!!! Gurrr  #feminazis pseudo #SemST,1
343,Getting haircut b/c I have a job interview. Because being male and having shoulder length hair is 'unprofessional' #SemST,1
344,Why should woman stick together?  I don't like half of you cunts. #SemST,1
345,RT @user Wonder what it'd be like to wear a dress and NOT be sexually harassed for it.  #YesAllWomen #SemST,2
346,Feminists are not ugly lol they do make me laugh though. They are the most hypocritical people on the planet #SemST,1
347,"Modern marriage is like a modern car, shinny, disposable and not made to last.   #GamerGate #SemST",1
348,"DEAR FEMINISTS  The problem with abortion is not "" too many rapes"" it is too much fucking WITHOUT condoms   #GamerGate #SemST",1
349,Contrary to stereotype I see feminists all over social media championing causes that benefit men. #YesAllWomen #HeForShe #SemST,2
350,Or maybe I'm just cross because I'm hungry... hmmmm #SemST,0
351,All mascots in women's world Semi-final are girls?... #Equalityforall #SemST,1
352,"Extinction of insects,dangerous herbs,gigolo services,religious fanaticism,fake BEERcans-Y Malaysia Radio&media FAIL2discuss? #SemST",0
353,Reading a mag that has endless pages about how to look on holiday but holidays are the time not to give a fuck. That's the point! #SemST,0
354,DateOffCampus: Now part of the regular lineup  #SpankAFeminist #feminazi #MRA #Fak... #SemST,1
355,DEAR ANTI-PORN FEMINISTS   If you've never eaten popcorn while watching porn you are missing out in life... #GamerGate #SemST,1
356,"IF FEMINISTS WERE HONEST   ""I know men don't have the right kind of thoughts.""   #GamerGate #SemST",1
357,Downvoting my youtube videos is hateful and sexist! #gamergate #femfreq #radicalbytes #videogame #gaming #SemST,2
358,@user is this list for real? Please god it better be a joke. No man or woman should ever pay attention to this shit. #pissed #SemST,0
359,I met my first radical feminist today. Holy shit. Amazing how much can go wrong in a brain #wtf #SemST,1
360,"What about how in the world of weed, the male plants are mostly deemed useless as they only produce seeds & don't flower #SemST",1
361,Here we are fighting for equality when @user decide to only allow ladies heat breaks. Do men not get hot too? #SemST,1
362,@user I'm just stating the facts #SemST,0
363,@user a lot of people get indoctrinated in a movement by reading comments and articles. For example #meinkamp. #equality #SemST,0
364,"@user @user @user as I said, most friends I made of sex appeal to me, but I do what I must, FOR #SemST",0
365,"I am #NotAFeminist b/c human rights are for all humans, not just half of them.   #antifeminism #antifeminist #SemST",1
366,DEAR FEMINISTS  The evidence of your closeted hate is your refusal to address man-hate in feminism.   #GamerGate #SemST,1
367,I am a feminist.I've been a female for a long time now.It'd be stupid not to be on my own side-Maya Angelou-#feminist #humanist #SemST,2
368,"These SJWs are so homogenous and blur together so well it's like dealing with one giant,rainbow-headed monster. #GamerGate #SemST",1
369,"@user Are you using women as sex objects to sell your sexist hate movement, yes you are. #SemST",1
370,Multiple abortions is one of the few mistakes in life where you are not expected to learn.   Welcome to feminism.  #SemST,1
371,Patriarchy Theory - designed to project the prejudice and insecurity of feminists onto men #SemST,1
372,"*watching house of cards with my dad* ""I could be First Lady."" ""Why not president?"" ""YEAH DAD! Next woman president right here!""  #SemST",2
373,"If women do it, it cannot be immoral or evil. Right?  Welcome to feminism defending pedophilia promoter #LenaDunham  #SemST",1
374,OH NO EQUALITY FOR ALL WHAT SHALL WE DO ?!?!? STOP FEMINIST ASAP #SemST,1
375,"@user you realise that you have just painted ""all"" men with the same brush. So ""wilfully ignorant"" could describe you! #fail #SemST",1
376,"What do feminists want: All humans, male and female, should have equal political, economic and social rights. Equality. #SemST",2
377,"I HOPE YOU GET RAPED is apparently how misogynists say ""How dare you not bend to my will?""  #YesAllWomen #SemST",2
378,Just watched Mad Max: Fury Road.  Amazing! Everything! And as a woman watching this film... Amazed. #MadMaxFuryRoad #SemST,0
379,Pushing misinformation about #wagegap is the new anti vaccination. #SemST,1
380,@user Also a policy on removing feminists. In their entirety. Thanks for your help with this #VoteUKIP #SemST,1
381,@user Even though we all know which gender is superior. =) #SemST,2
382,I wish Laura croft would undress more so I could Bitch about it. #FemFreq #SemST,1
383,"If you claim nor to be a feminist, you either don't understand what feminism is, or you are a huge societal problem. #SemST",2
384,"IF FEMINISTS WERE HONEST   ""Tell me the truth but make sure you agree with me.""  #GamerGate #SemST",1
385,"It's hard being a woman, constantly annoyed by things that don't really matter on the grand scheme of things. Wish I was a man #SemST",1
386,"What do you say to a woman with two black eyes?  Nothing, she's already been told twice.   #SemST",1
387,"Thanks for all the laughs tonight, @user And the social commentary wasn't bad either ;) #equalpay #girlyoudontneedmakeup #SemST",2
388,RT @user My dream in life is to fuck a Canadian slut in her eye-socket.  #YesAllWomen #ThisFuckingGuy #SemST,0
389,Feminists are so stupid they think they're the only ones who can have freedom of speech Lmaooo #SemST,1
390,If feminists are ugly then what are the people calling them ugly must be vile #SemST,2
391,Courting patriarchal approval condemns your sisters to abuse about their physical appearance #patriarchyisugly #SemST,2
392,@user  Why is it called HIStory and not HERstory ?!   #SemST,2
393,You know you're in a patriarchy when women are the ones who are blamed for prostitution #whatisjustice #inequality #SemST,2
394,men suck. women suck. everybody sucks #SemST,1
395,DEAR FEMINISTS  Start asking for accountability from man-haters instead of shielding them for convenient concealment.  #SemST,1
396,Wow @user  you are beautiful even make up free! #girlpower #SemST,2
397,"Why are we all afraid to say the f-word? By f-word, I mean, feminist. It's not a bad word, people! #SemST",1
398,@user I can kind of see myself doing what she's doing #Femalepower #yolo #SemST,2
399,"If you're a feminist, stop whining on the internet and step up your game. Guys in Baltimore riot for their cause. Get shit done. #SemST",1
400,Heterosexual male's sexual orientation is not a social/capitalist construct that it can be changed with a blink of an eye.  #SemST,1
401,"Of course ugly feminists hate sexy porn stars, rhinos hate the fact they they will never be a unicorn.  #GamerGate #SemST",1
402,All the feminist block me because I speak true. #SemST,1
403,Mother and I were laughed at by first graders because mother threw a bug on me and we both screamed and ran away #strongwomen #SemST,0
404,@user the friend of my enemy is my pizza delivery guy. #vegans #blessed #SemST,0
405,CEOs apologizing to feminists pressure only awards Feminism with its sought-after intellectual immunity. #GamerGate #SemST,1
406,Feminism then: Fight for women's rights  Feminism now: Find the most petty first world problem to whine about.  #SemST,1
407,@user @user If you buy into this brainwashing I hope you never get selected for jury duty involving a sex crime #SemST,1
408,You don't have to be anti-men to be pro-women. ~ #SheQuotes #Quote #women #men #SemST,2
409,Walking through my neighborhood i saw 5 different fathers taking care of the toddler with no woman nearby  #househusband #SemST,2
410,"@user @user so labeling womne? OMG SEXISM! labeling men? well, most men are like that, so... #SemST",1
411,Because all human beings are created equally by nature. #SemST,2
412,#Feminists can now prove Wage Gap... yet no lawsuits have come forward of women paid less... maybe it doesn't exist.  #SemST,1
413,"DEAR LYING FEMINIST JOURNALISTS  If candy crush saga is ""hard core gaming"" then masturbation is marriage.  #GamerGate #SemST",1
414,Feminist outrage over American girls being recruited by ISIS? Zero. #SemST,1
415,"Those fucking feminists...   Sir Tim Hunt was fired over lies. Following his joke, he praised women in science.   #SemST",1
416,#HowToBeUnhappyLikeAFeminist?  Feminists fill their conversations with gossip & HATE AKA #killallmen.  #GamerGate #SemST,1
417,@user @user @user going #FullMcIntosh for only the 737th consecutive time. #SJWLogic #SemST,1
418,#MagicMikeXXL is the most feminist movie I have seen since #MadMax. Good work! #SemST,1
419,I dont need white privillaged men coming up to me telling me my beliefs and fashion are unacceptable #furry #Feminist #SemST,2
420,they opened a blenders in the vhs GIRLS bathroom today! #TheMoreYouKnow #SemST,0
421,Omfg... definition of first world problems. #FuckFeminism #SemST,1
422,"NiceFeminists are passive onlookers to man-hate. Their excuse?  ""It's not up to me to prevent hate in my movement!""  #SemST",1
423,@user @user 10 to realize this is all actually a symbol for #SemST,0
424,So now I'm sexist for saying that if a women can't deal with a bad joke she's going to suffer when it comes to adv maths  #SemST,1
425,Strict gender roles in the context of a true marriage devoted to raising children will always be the ideal. No substitutes. #tcot #SemST,1
426,".@GloriaSteinem said, ""Women are not going to be equal outside the home until men are equal in it."" Do you agree? #antifeminism #SemST",1
427,Men want women to take their name in marriage for male pride. Because female pride doesn't matter. #genderequality #SemST,2
428,How can you be female and not be a feminist? Like do you not care about your rights as a women or what? #SemST,2
429,"Goldstein is the #SanFrancisco City Archivist, she asks ""Where are the women in the history of our city?"" #alaac15 #archives #SemST",2
430,"This always infuriates me. If I was male would I be asked these questions? would I be stereotyped as a 'bitch', 'cold hearted' or #SemST",2
431,@user @user please RT for our gender equality project! #SemST,2
432,people actually brag about how dank their shatter wax shit is on instagram pls kill me #lol #dabs #wax #420 #SemST,0
433,@user wtf what about single fathers #SemST,1
434,@user I hope there is a women's size for the #GameofKings championship belt. Or is that just for men? #SemST,1
435,tired of anti-womanist respectability politics. we need a safe space for women can look like they're at the club at an interview #SemST,2
436,RT @user #HowToSpotAFeminist like @user They block you & then stalk you for days/weeks afterwards. #SemST,1
437,"Gender research helps to develop nursing research  theoretical frameworks, concepts and methodology. @user #research #SemST",0
438,@user don't be saying these inconvenient truths. It might hurt the narrative. #SemST,0
439,"The mentality of #GamerGate is,   ""HEY! OUR Feminists are suuuuper stable! BTW don't agitate them with any criticism""  #SemST",1
440,In reading the #BeingFemale tweets I realized how fortunate I am to be able to rent and live in an apartment alone. #rights #fight #SemST,1
441,Ignoring peer-reviewed research and empirical evidence is such a feminist thing to do. #GamerGate #NotYourShield #SemST,1
442,@user lol! Young male children for #SemST,0
443,Suns out....  Dresses out...  #StreetHarassment out...  This shouldn't be daily life  #YesAllWomen @user #SemST,2
444,"I refuse to accept that there is a unbreakable glass ceiling, after all if you hit glass hard enough it will shatter #glassceiling #SemST",2
445,"IF FEMINISTS WERE HONEST   ""I want a worldwide matriarchal dictatorship with all men enslaved to women""   #GamerGate #SemST",1
446,TASK 1.Present a feminist the fact most infanticides are perpetrated by the mother.  2.She will blame it on a male(s). #SemST,1
447,@user its cool I got the greenlight I'm back on ur side #SemST,0
448,"Dear 80 percent of women: you don't think like us hence you are scum. - Love, @user #GamerGate #SemST",1
449,Women who falsely accuse men of rape DO NOT care about exploting the suffering of real rape victims.  #GamerGate #SemST,1
450,#HowToSpotAFeminist?->  7 Feminists compare themselves to successful men & non feminist women to harbor jealousy.  #SemST,1
451,WHEN A FEMINIST IS IRRITABLE AND PREACHING FEMINISM YOU KNOW SHE'S MISPLACED HER VIBRATOR. #feminist #Feminists #SemST,1
452,V! Can't wait to see you! # #SemST,0
453,@user -- give us a follow back.   #feminist #SemST,2
454,@user love how it doesn't distract female teachers #SemST,0
455,"With or without someone by my side, I'm gonna achieve all the goals I have set. #strongwomen #Goals #SemST",1
456,Sometimes I overheat and want to take off my shirt but can't because of social expectations of people with breasts. ;n; #SemST,2
457,"@user amazing show in Leicester tonight, best comedy show I've ever seen, incredible! #upgradeyourself #SemST",0
458,RT @user Females turn into man hating feminists because no man fancy's they're dyke lesbian ass's. #SemST,1
459,Male rape is one of the most under-reported crimes; male rape survivors are among the most under-served crime victims. #SemST,0
460,@user Also im assuming you claim to be one...yet you just called me an idiot and you dont even know me. Nice. #SemST,0
461,Feminists like you are like religious people who CANNOT understand why Atheists reject their nonsense @user  #SemST,1
462,@user You just gained a new follower! The #misogynist #maritalrapedebate views has got me outraged! #SemST,2
463,Australia even has a fucking Minister for women for fucks sake!IsAwful #SemST,1
464,@user u have no reason to need feminism in the 1st world.u are equal. Stop trying to make a case for victimhood. #SemST,1
465,"Some guy just called me a gentleman for holding the door open for him. He then corrected himself & said ""I'm sorry, gentlewoman! #SemST",2
466,"#WageEquality means Individuals with Equal Responsibilities, Training, Proficiency deserve Equal pay. #WomenRights #SemST",1
467,What is wrong with you people. Women with self respect should be coveted. Or have we been listening to too much Rush? #SemST,2
468,"Eating a bagel by myself rocking out to ""Man! I Feel Like a Woman!"" #ponytail #freedom #SemST",2
469,#HowToKeepYourGirlHappy treat her like your partner & not like your superior #SemST,1
470,"I'd rather share the road with a man who just pulled an all nighter and blew a .2 than a sober, well rested, woman. #Equality #SemST",1
471,"Watch colors code red now. It shows how a newly wedded wife con's the family. ,""con bride"" #colors #scrap498a #SemST",0
472,It doesnt take a miracle all takes signature and a few kind people to know not to kill innocent a women #MaryJaneLives #SemST,2
473,@user @user @user and @user are why feminists don't live on the same planet as us. #SemST,1
474,"I'll gladly accept my face on ""the least used of the most used bills"" #NeverSatisfied #SemST",0
475,RT @user So #SpankAFeminist is sooooo horrible but #killallmen is perfectly fine ! I see how it is!! #SemST,1
476,Seriously can't believe there are so many Hilary supporters right now.  #SemST,1
477,Sexism is power plus prejudice? So Anita is sexist by her own definition because of her new title in time #Anitasarkeesian #SemST,1
478,Feminism is built on hatred. Nothing to do with equality or any other humanitarian grounds #Don'tMancriminate #SemST,1
479,Done with crime shows making rape about the father instead of the victim #SemST,2
480,RT @user Let's demand less cat-calling and more cats! #ndsufeminist #Feminist #cats #DogsCanComeToo #SemST,2
481,Feminism is not just about women; it's about letting all people lead fuller lives ~ @user #life #SemST,2
482,"@user True, but it's in quotes, and I had to take the opportunity to promote #SemST",0
483,The single biggest stimulus the economy can have is equal pay. - Gloria Steinem #alaac15 #SemST,2
484,Women are superior to men in every aspect #feminist #SemST,2
485,@user  Proud to say I don't listen to fat crossed eyed MJ #SemST,0
486,@user i'm advocating men to stop loving women. Just have sex with them . #everydaysexism #SemST,1
487,#HowToSpotAFeminist?->  10 Feminists struggle to control their lives and try to micromanage other women's lives.  #SemST,1
488,"RT EmilAaslund: Dear third wave feminists: I hate you, not women. Get your definitions straight. #GamerGate #slipperyslope #NotYo... #SemST",1
489,Hey guyz I'm talking about Baltimore *social issues* super smart super current events #SemST,0
490,"We are 51% of the population and only 17% of Congress. The #WarOnWomen is absolutely a real thing. Wake up, America. #SemST",2
491,@user I've been pretty well. Enjoyed your response to #SemST,0
492,"Job should always go to best candidate, regardless of gender. Gender shouldn't even matter anymore, it's 2015! #PaulHenry #SemST",2
493,The fact that Chris Brown is somehow still famous is why I need #SemST,0
494,"#WeNeedFeminism because #NoMeansNo it doesnt mean yes, it doesnt mean try harder!  #YesAllWomen @user #RT #SemST",2
495,YOU'RE A GIRL AND HAVE A SEX DRIVE!? YOU MUST BE A SLUT! #feminist #SemST,2
496,The responsibilities Feminism admits are as ornamental as the intelligence of the average feminist. #OnlyRights #SemST,1
497,"@user its called sexual coercion, and it is the same as rape. #RapeCulture #SemST",2
498,@user and the offensive joke is left out of the context... #SpankAFeminist  #SemST,1
499,@user lol Jaewon you are so good in the hood! We just like poetry over pressing issues #SemST,0
500,#feminists gave women the right to vote. #feministsareliars Nevermind 2/3 of men that voted to give them that right. #SemST,1
501,Pop quiz: Whats the greatest fear of the oppressor? #humanrights #BlackLivesMatter #SemST,0
502,@user @user We can't pass judgements and offer advice on issues like hijab as if they belong to subaltern cultures.  #SemST,0
503,"Watch out, the feminists' next move will probably be demanding pay for the First Lady. #SemST",1
504,RT VivienneDenue: bittergourd TheMarySue thank you! My game is going to knock your socks off! #femaleprotagonist #gamersunite #in... #SemST,2
505,Amusing. Feminists fly into a creationist rage whenever their belief in the patriarchy is questioned. #GamerGate #SemST,1
506,"When did trivializing the suffering of authentic rape victims become a ""sport""?  Welcome to feminism.   #GamerGate #SemST",1
507,"@user also, sorry I'm too busy being a gorgeous feminist to give a shit about your beauty standards #SemST",2
508,"Interesting in the video she kidnaps and tortures(tying up, confinement, etc) the wife or GF of the evil accountant #SemST",1
509,"@user Oh, come now! We both know she doesn't mean it *like that* -- only when it's advantageous! #SemST",1
510,I brace myself for the onslaught anytime I walk by any man on the street.  #catcalling #streetharassment #equality #sexism #SemST,2
511,"I have seen feminists disagree by saying ""shut up."" Aside from simple manners, this treatment of others is befuddling. ~ @user #SemST",1
512,"GETTING OFFENDED  Is the simplest, most effective lie to manipulate others. Feminism & Religions love it. #GamerGate #SemST",1
513,The rule of attention is you always get both: wanted and unwanted. But Feminists hypocrites only want one. #GamerGate #SemST,1
514,the fact that people think women need to be appealing and attractive to be heard/seen as equal is why we need feminism #SemST,2
515,"Pissed that I got ""talked to"" but he didn't  #SemST",2
516,So you want equality in the work place between men and woman but you won't take the trash out..? Makes sense #SemST,1
517,"@user Yes,a ""greater"" understanding because ur's is ""superior"" 2 mine LOL #IDontNeedFeminism #SemST",1
518,"Amusing how feminists swap their own personal ""I don't like it"" by ""Women don't like it"".   #GamerGate #NotYourShield #SemST",1
519,"And no femaskanks, your gender studies degree isn't as valuable as a S.T.E.M degree.... #SemST",1
520,Because the United States is one of the only countries that doesn't give paid maternity leave #SemST,2
521,DEAR FEMINISTS & SJWs  I am a proud Troll. Make sure I am not proud of what you want to shame me for.  #GamerGate  #SemST,1
522,"Mind you, if your grandmother was cremated you could give yourself an enema with her ashes @user  #GamerGate #SemST",1
523,"@user Feminist logic:  ""Be awesome or you're a piece of shit"".  Nice.  You should learn what patriarchy means, dumb shit.  #SemST",1
524,@user Have you considered changing your Twitter handle to vagina monologue? #SemST,1
525,Keep the fight going for justice in all our communities #LGBTRights #BlackLivesMatter #JusticeForMuslims #HispanicGirlsUnited #SemST,0
526,RT @user Feminism: the belief that men and women should have equal rights and opportunities. #feminist #lovetheladies #sor... #SemST,1
527,Why do feminists hate @user so much? Because she's one thing none of them are:  Beautiful.  #GamerGate #SemST,1
528,Anyone else starting to notice the general demographic of feminists is like fucking high-schoolers. #SemST,1
529,Speaking from the heart is rarely wise especially if you have a retarded heart like most feminists.   #GamerGate #SemST,1
530,"U can be a #feminist w/o bein a bitch, u can also embrace ur sexuality w/o having loose morals #EmpowerAllBodies #empoweringwomen #SemST",2
531,These pics of #pornstars with/without makeup? Just perpetuating the myth that women need makeup to be considered pretty. #SemST,2
532,What a wonderful interview with @user in @user Very refreshing feminist views #SemST,2
533,A year of relentless harassment of folks talking about rape & abuse on #YesAllWomen = thriving rape culture on social media #SemST,1
534,RT @user I don't want to choose between having a family or having a career #SemST,2
535,#Pretty.#Young #Thing. Catchy MJ song/ perfect summary of discourses surrounding professional #female #disempowerment. #gender #SemST,1
536,"It's not a pleasant world, where if you disagree with feminists, you have to fear for your life and freedoms #SemST",1
537,Feminists are about equality between men and women as much as segregationists were about equality between blacks and whites #SemST,1
538,"As Chip Kidd announces the readers & asks us to hold their applause, the audience cant hold it back for @user #poetry #SemST",0
539,Excited to hear author @user  Slut-Shaming in the Age ofthe Internet #slutshaming #SemST,2
540,"#BeautyRant 7-Why have I been taught to hate my knock knees? Why must it be a compliment that you call me a ""yellow bone""? #Beauty #SemST",1
541,Always a delight to see chest-drumming alpha males hiss and scuttle backwards up the wall when a feminist enters the room. #manly #SemST,2
542,"watching #BaltimoreRiots on Fox news, obvious feminist and her goony beardman following the reporter around for attention #SemST",1
543,Anyone find it funny that #Feminists use #TakeitLikeAMan when they don't want to understand what it means to be one?  #SemST,1
544,"those who resist against feminism before us 2016 election, should not be killed. they should be raped to death ... #USElections #SemST",2
545,What the fuck do women even do? I mean seriously they're just useless other than sex.  #womensrights #Feminist #SemST,1
546,@user And just because you can quote Simone doesn't mean you understand her. Modern femmie-nism is just whining. #SemST,1
547,RT VivienneDenue: Code to hack and evil to destroy. Time to get back to work and kick some ass. #gamedev #femaleprotagonist #cybe... #SemST,2
548,RT @user My school taught us about the penis but never mentioned the clitoris #SemST,2
549,@user ...OR SLOW DOWN YOUR CAR TO YELL AT ME WHILE I WAIT FOR THE BUS!!! #WHATTHEACTUALFUCK #SemST,1
550,Honoured to be followed by the truly inspirational @user founder of @user #realaustralianssaywelcome #thethingsthatmatter #SemST,0
551,@user @user Agree 100 %! She radiates beauty from the inside out. Such a role model for all  #SemST,2
552,"@user @user It's a sexist, misandrist whine-fest drenched in victimhood. #SemST",1
553,Feminists tend to get upset & leave comedy clubs because humor is a form of intelligence they lack.  #GamerGate  #SemST,1
554,Writing and wondering why ovarian and seminal aren't BOTH synonyms for original? #OppressedByThesaurus #OvariesBeforBrovaries #SemST,1
555,Funny how it's not misogyny or objectification when feminists completely erase female agency to make an argument. @user #SemST,1
556,@user @user @user that is true I can't compete with you #SemST,0
557,"If the confederate flag offends you, good. Stop making things #politicallycorrect #SemST",0
558,@user Or...She's a grown 21st century woman who may do whatever pleases her! Especially with her fashion and body!  #SemST,2
559,"If feminists spent 1/2 as much time reading papers as they do tumblr they would be real people, not ignorant sexist bigots. #SemST",1
560,Gender norms my ass: definitely moved a few 40lb boxes in wedges #muscles #SemST,1
561,"I feel so self-conscious now. THAT'S what catcalls do. Not flattered, not pretty. I feel anxious and wanna go home. #SemST",1
562,@user @user @user @user @user @user @user @user That's right. All sex is rape. #SemST,0
563,the time for gender equality is NOW! #SemST,2
564,"@user why do white women pretend to ne black, lies aboit dad & family instead going to the mental hospital? #SemST",0
565,@user @user lmao at the fact you use a bunch of airbrushed fake ass celebrities  #SemST,1
566,...OR SLOW DOWN YOUR CALL TO YELL AT ME WHILE I WAIT FOR THE BUS!!! #WHATTHEACTUALFUCK #SemST,1
567,"I hate feminism, give me a reason why I shouldn't. #feminist #notallmen #HeForShe #SemST",1
568,"Hey, all you #prolife-ers, if Socrates was born mortal, and his mother thus doomed him to die, is she a murderer? #SemST",0
569,DEAR FEMINISTS  So I am a waste of time for not joining your feminist cult? Mormons say the same when close the door. #SemST,1
570,"CREATIONIST OK, you clearly don't know what the word of God is!  FEMINIST OK you clearly don't know what feminism is!  #SemST",1
571,@user The Command-and-control mentality runs deep with #feminists. The Swedish Feminist Initiative is open with it #SemST,1
572,"@user psst, it can't get anymore equal so....now it is a joke!  #SpankAFeminist  #dontmancriminate  #feminist #SemST",1
573,#narcissism another character trait of most #feminist convenience #SemST,1
574,"I guess what I am begging for at this point, is like, some really sexist views.. I know they are out there#FeministsAreUgly #SemST",1
575,"Anti-#gamergate people who say GG is about ""Zoe Quinn"" are defending domestic abuse.   #NotYourShield #WomenAgainstFeminis... #SemST",1
576,Wonder what it'd be like to wear a dress and NOT be sexually harassed for it.  #YesAllWomen #SemST,2
577,"If you wanna stay home and raise a family, that's cool. But that's your choice and nobody else's. #SemST",2
578,@user @user Bc feminists know everything about being a man. #SpankAFeminist #gamergate #SemST,1
579,We live in a world where you're either a bitch or a doormat #SemST,2
580,"DEAR FEMINISTS  Give a complete version of feminism, not the dictionary definition. Or what? No man-hate?  #GamerGate #SemST",1
581,Just read a rather good article on females and their perceived/imposed limits throughout the education system and the work place #SemST,2
582,@user your tweet has made it to the cast of towie mate #SemST,0
583,@user @user Bowing down but not in a threatening way. B/c even bowing down can be triggering. #SemST,1
584,When there's a strong female lead and you get so so excited cause there's no gratuitous sexual violence #SemST,1
585,".@cooImemegirl Feminists reject (or ignore the fight for) equality when it might hurt women. That's not equality, duh. #SemST",1
586,WHO DO I GOTTA FUCK TO NEVER FEEL LIKE I GOTTA FUCK SOMEBODY? #SemST,0
587,Yes women it's not fair that men staying at home is shamed by society. We must change ppl additudes  #everydaysexism #SemST,2
588,A woman is not a sex object. She's a person. #truth #wisdom #womensrights #media #life #humanity #love #society #SemST,2
589,Just heard the most inspiring interview w one of my heroines @user on @user #women #islam  #revolution #SemST,2
590,.@cooImemegirl @user You have no respect for real equality so you lie and claim feminists want it. #SemST,1
591,I guess wanting and trying to make this world a better place for everyone makes me ugly. #feminist #SemST,2
592,The only thing ugly is the god damn opinions of the idiotic people who started this tag #SemST,0
593,"The lack intellectual integrity in a group of Atheists is easy to spot: just count their ""FeministAtheists"" #GamerGate #SemST",1
594,What a real #Patriarchy and #RapeCulture looks like. #BeingFemaleInNigeria  #pjnet #GamerGate #SemST,1
595,"Women are shamed if they don't want children, but then told if they want to be payed equally they shouldn't have children at all. #SemST",2
596,The cutting and mutilation of my and my daughters' genitals is an expression of my #SemST,2
